<?xml version="1.0"?>

<!DOCTYPE faces-config PUBLIC
  "-//Sun Microsystems, Inc.//DTD JavaServer Faces Config 1.0//EN"
  "http://java.sun.com/dtd/web-facesconfig_1_1.dtd" >

<faces-config>

	<application>
		<view-handler>com.sun.facelets.FaceletViewHandler</view-handler>
	</application>

	<!-- managed beans of the simple hello world app -->
	<managed-bean>
		<managed-bean-name>helloWorldBacking</managed-bean-name>
		<managed-bean-class>
			com.ranjitswain.HelloWorldBacking
		</managed-bean-class>
		<managed-bean-scope>request</managed-bean-scope>
	</managed-bean>

	<!-- navigation rules for helloWorld.jsp -->
	<navigation-rule>
		<from-view-id>/helloWorld.xhtml</from-view-id>
		<navigation-case>
			<from-outcome>success</from-outcome>
			<to-view-id>/page2.xhtml</to-view-id>
		</navigation-case>
	</navigation-rule>

	<!-- navigation rules for page2.jsp -->
	<navigation-rule>
		<from-view-id>/page2.xhtml</from-view-id>
		<navigation-case>
			<from-outcome>back</from-outcome>
			<to-view-id>/helloWorld.xhtml</to-view-id>
		</navigation-case>
	</navigation-rule>
</faces-config>
